,N,Должность,Язык.программирования,Специализация,Общий.опыт.работы,Опыт.работы.на.текущем.месте,Зарплата.в.месяц,Изменение.зарплаты.за.12.месяцев,Город,Размер.компании,Тип.компании,Пол,Возраст,Образование,Университет,Еще.студент,Уровень.английского,Предметная.область,Дата.заполнения,User.Agent,exp,current_job_exp,salary,Валюта,cls,avg
12,13,Software Engineer,Python,,1,меньше 3 месяцев,800,200,Киев,до 50 человек,Аутсорсинговая,мужской,26,Высшее,НТУУ «КПИ»,False,ниже среднего,"Веб-разработка,Другое",12/06/2017 13:05:54,"Mozilla/5.0 (Windows NT 6.1; Win64; x64) AppleWebKit/537.36 (KHTML, like Gecko) Chrome/58.0.3029.110 Safari/537.36",1.0,0.0,800,,DEV,1799.07
68,69,Software Engineer,Python,,1.5,0.5,900,900,Киев,до 10 человек,Стартап,мужской,21,Незаконченное высшее,КНУ им. Шевченко,True,выше среднего,Веб-разработка,12/06/2017 13:11:17,"Mozilla/5.0 (Windows NT 10.0; Win64; x64) AppleWebKit/537.36 (KHTML, like Gecko) Chrome/59.0.3071.86 Safari/537.36",1.5,0.5,900,,DEV,1799.07
87,88,Junior Software Engineer,Python,,0.5,0.5,600,0,Киев,до 10 человек,Аутсорсинговая,мужской,19,Незаконченное высшее,НТУУ «КПИ»,True,выше среднего,"Веб-разработка,eCommerce",12/06/2017 13:12:25,"Mozilla/5.0 (X11; Linux x86_64) AppleWebKit/537.36 (KHTML, like Gecko) Chrome/59.0.3071.86 Safari/537.36",0.5,0.5,600,,DEV,560.8412698412699
114,115,Junior Software Engineer,Python,,1.5,0.5,685,250,Киев,до 1000 человек,Аутсорсинговая,мужской,21,Незаконченное высшее,НТУУ «КПИ»,False,средний,Другое,12/06/2017 13:14:52,"Mozilla/5.0 (X11; Linux x86_64) AppleWebKit/537.36 (KHTML, like Gecko) Chrome/56.0.2924.87 Safari/537.36",1.5,0.5,685,,DEV,560.8412698412699
143,144,Junior Software Engineer,Python,,1,1,750,250,Киев,до 10 человек,Аутсорсинговая,мужской,21,Незаконченное высшее,НТУУ «КПИ»,True,выше среднего,Веб-разработка,12/06/2017 13:19:10,"Mozilla/5.0 (X11; Linux x86_64) AppleWebKit/537.36 (KHTML, like Gecko) Chrome/58.0.3029.110 Safari/537.36",1.0,1.0,750,,DEV,560.8412698412699
153,154,Software Engineer,Python,,2,1,1200,0,Днепр,до 50 человек,Аутстаффинговая,мужской,34,Кандидат,Другой вуз,False,продвинутый,"Веб-разработка,Мультимедиа",12/06/2017 13:20:15,"Mozilla/5.0 (Windows NT 10.0; WOW64) AppleWebKit/537.36 (KHTML, like Gecko) Chrome/58.0.3029.110 Safari/537.36 OPR/45.0.2552.888",2.0,1.0,1200,,DEV,1799.07
162,163,Junior Software Engineer,Python,,0.5,0.5,500,0,Винница,до 200 человек,Аутсорсинговая,мужской,20,Техникум / Колледж,,True,ниже среднего,Веб-разработка,12/06/2017 13:21:08,"Mozilla/5.0 (Linux; Android 7.1.2; LG-D802 Build/N2G47E) AppleWebKit/537.36 (KHTML, like Gecko) Chrome/58.0.3029.83 Mobile Safari/537.36",0.5,0.5,500,,DEV,560.8412698412699
171,172,Junior Software Engineer,Python,,0.25,0.25,800,0,Киев,до 50 человек,Продуктовая,мужской,25,Высшее,НАУ,False,продвинутый,Телекоммуникации,12/06/2017 13:22:31,"Mozilla/5.0 (X11; Linux x86_64) AppleWebKit/537.36 (KHTML, like Gecko) Chrome/58.0.3029.110 Safari/537.36",0.25,0.25,800,,DEV,560.8412698412699
217,218,Software Engineer,Python,,8,2,2900,150,Львов,до 1000 человек,Аутсорсинговая,мужской,26,Высшее,ГУТ,False,выше среднего,"Веб-разработка,Корпоративные системы",12/06/2017 13:31:50,"Mozilla/5.0 (Windows NT 6.2; Win64; x64) AppleWebKit/537.36 (KHTML, like Gecko) Chrome/58.0.3029.110 Safari/537.36",8.0,2.0,2900,,DEV,1799.07
283,284,Junior Software Engineer,Python,,1,меньше 3 месяцев,400,400,Харьков,до 10 человек,Стартап,мужской,23,Незаконченное высшее,ХНУРЭ,False,средний,Веб-разработка,12/06/2017 13:43:33,"Mozilla/5.0 (Windows NT 10.0) AppleWebKit/537.36 (KHTML, like Gecko) Chrome/58.0.3029.110 Safari/537.36",1.0,0.0,400,,DEV,560.8412698412699
302,303,Senior Software Engineer,Python,,10 и более лет,0.5,3500,-300,Киев,до 200 человек,Продуктовая,мужской,30,Высшее,НТУУ «КПИ»,False,выше среднего,"Веб-разработка,Gamedev",12/06/2017 13:46:24,"Mozilla/5.0 (Windows NT 6.1; Win64; x64) AppleWebKit/537.36 (KHTML, like Gecko) Chrome/58.0.3029.110 Safari/537.36",10.0,0.5,3500,,DEV,3387.0967741935483
332,333,Junior Software Engineer,Python,,1,1,600,300,Львов,до 50 человек,Аутсорсинговая,мужской,19,Незаконченное высшее,Львовская Политехника,True,ниже среднего,Веб-разработка,12/06/2017 13:51:25,Mozilla/5.0 (X11; Fedora; Linux x86_64; rv:53.0) Gecko/20100101 Firefox/53.0,1.0,1.0,600,,DEV,560.8412698412699
347,348,Junior Software Engineer,Python,,меньше 3 месяцев,меньше 3 месяцев,200,0,Киев,до 10 человек,Аутсорсинговая,мужской,22,Незаконченное высшее,КНУСА,True,ниже среднего,Веб-разработка,12/06/2017 13:53:40,"Mozilla/5.0 (Linux; Android 5.1.1; Mi-4c Build/LMY47V) AppleWebKit/537.36 (KHTML, like Gecko) Chrome/58.0.3029.83 Mobile Safari/537.36",0.0,0.0,200,,DEV,560.8412698412699
373,374,Senior Software Engineer,Python,,7,0.5,3100,1000,Днепр,до 200 человек,Аутсорсинговая,мужской,30,Высшее,ДНУ им. Гончара,False,выше среднего,"Веб-разработка,Корпоративные системы",12/06/2017 13:58:16,"Mozilla/5.0 (Macintosh; Intel Mac OS X 10_12_6) AppleWebKit/537.36 (KHTML, like Gecko) Chrome/59.0.3071.86 Safari/537.36",7.0,0.5,3100,,DEV,3387.0967741935483
387,388,Software Engineer,Python,,4,1.5,1200,0,Другой,до 10 человек,Стартап,мужской,26,Высшее,Другой вуз,False,ниже среднего,"Веб-разработка,eCommerce",12/06/2017 14:01:02,"Mozilla/5.0 (X11; Linux x86_64) AppleWebKit/537.36 (KHTML, like Gecko) Chrome/58.0.3029.114 Safari/537.36 Vivaldi/1.9.818.50",4.0,1.5,1200,,DEV,1799.07
449,450,Software Engineer,Python,,5,3,2000,0,Киев,свыше 1000 человек,Аутсорсинговая,мужской,37,Незаконченное высшее,НТУУ «КПИ»,False,выше среднего,Веб-разработка,12/06/2017 14:12:37,"Mozilla/5.0 (Macintosh; Intel Mac OS X 10_11_6) AppleWebKit/537.36 (KHTML, like Gecko) Chrome/58.0.3029.110 Safari/537.36",5.0,3.0,2000,,DEV,1799.07
534,535,Junior Software Engineer,Python,,0.5,0.5,400,100,Львов,до 50 человек,Аутсорсинговая,мужской,24,Незаконченное высшее,Другой вуз,False,ниже среднего,Веб-разработка,12/06/2017 14:32:52,Mozilla/5.0 (X11; Ubuntu; Linux x86_64; rv:53.0) Gecko/20100101 Firefox/53.0,0.5,0.5,400,,DEV,560.8412698412699
565,566,Software Engineer,Python,,2,2,1000,200,Хмельницкий,до 10 человек,Стартап,мужской,21,Высшее,ХНУ [г. Хмельницкий],True,выше среднего,Веб-разработка,12/06/2017 14:38:30,"Mozilla/5.0 (Macintosh; Intel Mac OS X 10_12_5) AppleWebKit/537.36 (KHTML, like Gecko) Chrome/58.0.3029.110 Safari/537.36",2.0,2.0,1000,,DEV,1799.07
572,573,Software Engineer,Python,,5,1,1750,0,Удаленно,до 10 человек,Стартап,мужской,25,Высшее,КНУСА,False,выше среднего,Корпоративные системы,12/06/2017 14:40:07,"Mozilla/5.0 (Macintosh; Intel Mac OS X 10_12_5) AppleWebKit/537.36 (KHTML, like Gecko) Chrome/59.0.3071.86 Safari/537.36",5.0,1.0,1750,,DEV,1799.07
604,605,Software Engineer,Python,,7,0.25,3325,325,Киев,до 1000 человек,Аутстаффинговая,мужской,28,Высшее,НТУУ «КПИ»,False,средний,Веб-разработка,12/06/2017 14:47:23,"Mozilla/5.0 (Macintosh; Intel Mac OS X 10_12_5) AppleWebKit/537.36 (KHTML, like Gecko) Chrome/58.0.3029.110 Safari/537.36",7.0,0.25,3325,,DEV,1799.07
669,670,Software Engineer,Python,,3,3,2000,0,Львов,до 50 человек,Аутсорсинговая,мужской,25,Высшее,Другой вуз,False,выше среднего,"Веб-разработка,eCommerce",12/06/2017 14:58:02,"Mozilla/5.0 (X11; Linux x86_64) AppleWebKit/537.36 (KHTML, like Gecko) Chrome/56.0.2924.87 Safari/537.36",3.0,3.0,2000,,DEV,1799.07
679,680,Software Engineer,Python,,3,1,2500,1000,Киев,свыше 1000 человек,Аутсорсинговая,мужской,26,Высшее,НТУУ «КПИ»,False,средний,"Веб-разработка,Системное программирование",12/06/2017 14:59:49,"Mozilla/5.0 (Windows NT 10.0; Win64; x64) AppleWebKit/537.36 (KHTML, like Gecko) Chrome/58.0.3029.110 Safari/537.36",3.0,1.0,2500,,DEV,1799.07
688,689,Junior Software Engineer,Python,,1.5,0.5,1200,500,Удаленно,до 10 человек,Продуктовая,мужской,25,Незаконченное высшее,Другой вуз,False,продвинутый,Другое,12/06/2017 15:01:31,Mozilla/5.0 (Windows NT 10.0; WOW64; rv:53.0) Gecko/20100101 Firefox/53.0,1.5,0.5,1200,,DEV,560.8412698412699
696,697,Software Engineer,Python,,3,1,2000,500,Львов,до 200 человек,Аутсорсинговая,мужской,32,Высшее,Другой вуз,False,выше среднего,"Веб-разработка,Другое",12/06/2017 15:03:31,"Mozilla/5.0 (X11; Linux x86_64) AppleWebKit/537.36 (KHTML, like Gecko) Chrome/55.0.2883.87 Safari/537.36",3.0,1.0,2000,,DEV,1799.07
715,716,Junior Software Engineer,Python,,1.5,1.5,900,300,Киев,свыше 1000 человек,Аутсорсинговая,мужской,28,Высшее,Другой вуз,False,выше среднего,"Веб-разработка,Системное программирование",12/06/2017 15:09:08,"Mozilla/5.0 (Macintosh; Intel Mac OS X 10_12_1) AppleWebKit/537.36 (KHTML, like Gecko) Chrome/58.0.3029.110 Safari/537.36",1.5,1.5,900,,DEV,560.8412698412699
728,729,Software Engineer,Python,,2,1,1425,800,Киев,свыше 1000 человек,Аутстаффинговая,мужской,20,Незаконченное высшее,НТУУ «КПИ»,True,продвинутый,"Веб-разработка,eCommerce",12/06/2017 15:14:45,"Mozilla/5.0 (X11; Linux x86_64) AppleWebKit/537.36 (KHTML, like Gecko) Chrome/54.0.2840.71 Safari/537.36",2.0,1.0,1425,,DEV,1799.07
833,834,Junior Software Engineer,Python,,1.5,0.5,800,200,Киев,до 10 человек,Продуктовая,мужской,24,Высшее,КНЭУ,False,ниже среднего,"Веб-разработка,Другое",12/06/2017 15:37:49,"Mozilla/5.0 (X11; Linux x86_64) AppleWebKit/537.36 (KHTML, like Gecko) Chrome/58.0.3029.110 Safari/537.36",1.5,0.5,800,,DEV,560.8412698412699
855,856,Software Engineer,Python,,2,0.5,1425,125,Одесса,до 200 человек,Аутстаффинговая,мужской,27,Среднее,,False,средний,"Веб-разработка,Другое",12/06/2017 15:44:39,Mozilla/5.0 (X11; Ubuntu; Linux x86_64; rv:50.0) Gecko/20100101 Firefox/50.0,2.0,0.5,1425,,DEV,1799.07
870,871,Software Engineer,Python,,1.5,меньше 3 месяцев,1200,500,Киев,до 200 человек,Аутсорсинговая,мужской,31,Высшее,НТУУ «КПИ»,False,средний,"Веб-разработка,Финансы и банки",12/06/2017 15:49:52,"Mozilla/5.0 (X11; Linux x86_64) AppleWebKit/537.36 (KHTML, like Gecko) Chrome/58.0.3029.110 Safari/537.36",1.5,0.0,1200,,DEV,1799.07
953,954,Software Engineer,Python,,0.5,0.5,850,0,Киев,до 10 человек,Продуктовая,мужской,25,Высшее,Другой вуз,False,средний,Другое,12/06/2017 16:17:50,"Mozilla/5.0 (X11; Linux x86_64) AppleWebKit/537.36 (KHTML, like Gecko) Chrome/59.0.3071.86 Safari/537.36",0.5,0.5,850,,DEV,1799.07
1003,1004,Junior Software Engineer,Python,,1,0.25,800,300,Удаленно,до 50 человек,Стартап,мужской,34,Высшее,Другой вуз,False,элементарный,"Веб-разработка,Финансы и банки",12/06/2017 16:33:42,"Mozilla/5.0 (X11; Linux x86_64) AppleWebKit/537.36 (KHTML, like Gecko) Chrome/58.0.3029.81 Safari/537.36 OPR/45.0.2552.635",1.0,0.25,800,,DEV,560.8412698412699
1021,1022,Software Engineer,Python,,2,2,1400,200,Киев,до 1000 человек,Продуктовая,мужской,23,Высшее,НТУУ «КПИ»,False,средний,Другое,12/06/2017 16:39:26,"Mozilla/5.0 (iPhone; CPU iPhone OS 10_3_2 like Mac OS X) AppleWebKit/603.2.4 (KHTML, like Gecko) Mobile/14F89 [FBAN/FBIOS;FBAV/96.0.0.45.70;FBBV/60548545;FBDV/iPhone9,2;FBMD/iPhone;FBSN/iOS;FBSV/10.3.2;FBSS/3;FBCR/Carrier;FBID/phone;FBLC/ru_RU;FBOP/5;FBRV/0]",2.0,2.0,1400,,DEV,1799.07
1080,1081,Software Engineer,Python,,5,1,2800,500,Житомир,до 50 человек,Стартап,мужской,29,Высшее,Другой вуз,False,выше среднего,Системное программирование,12/06/2017 17:03:05,"Mozilla/5.0 (iPhone; CPU iPhone OS 10_3_2 like Mac OS X) AppleWebKit/603.2.4 (KHTML, like Gecko) Version/10.0 Mobile/14F89 Safari/602.1",5.0,1.0,2800,,DEV,1799.07
1108,1109,Junior Software Engineer,Python,,1,меньше 3 месяцев,300,0,Киев,до 10 человек,Аутстаффинговая,мужской,19,Незаконченное высшее,КНУ им. Шевченко,False,средний,Веб-разработка,12/06/2017 17:14:59,"Mozilla/5.0 (Linux; Android 6.0.1; Redmi 4 Build/MMB29M) AppleWebKit/537.36 (KHTML, like Gecko) Chrome/58.0.3029.83 Mobile Safari/537.36",1.0,0.0,300,,DEV,560.8412698412699
1138,1139,Software Engineer,Python,,4,0.5,2600,1000,Львов,до 1000 человек,Аутстаффинговая,мужской,27,Высшее,Львовская Политехника,False,средний,"Веб-разработка,Корпоративные системы",12/06/2017 17:24:34,"Mozilla/5.0 (Windows NT 10.0; Win64; x64) AppleWebKit/537.36 (KHTML, like Gecko) Chrome/58.0.3029.110 Safari/537.36",4.0,0.5,2600,,DEV,1799.07
1172,1173,Senior Software Engineer,Python,,2,2,1300,800,Львов,до 50 человек,Другая,мужской,20,Незаконченное высшее,ЛНУ им. Франко,True,средний,"Веб-разработка,Другое",12/06/2017 17:38:00,"Mozilla/5.0 (Linux; Android 6.0.1; Redmi 3S Build/MMB29M; wv) AppleWebKit/537.36 (KHTML, like Gecko) Version/4.0 Chrome/58.0.3029.83 Mobile Safari/537.36",2.0,2.0,1300,,DEV,3387.0967741935483
1187,1188,Junior Software Engineer,Python,,1.5,1.5,952,550,Львов,свыше 1000 человек,Аутсорсинговая,мужской,26,Высшее,Львовская Политехника,False,средний,"Веб-разработка,Корпоративные системы",12/06/2017 17:43:03,"Mozilla/5.0 (Windows NT 6.1; Win64; x64) AppleWebKit/537.36 (KHTML, like Gecko) Chrome/58.0.3029.110 Safari/537.36",1.5,1.5,952,,DEV,560.8412698412699
1194,1195,Junior Software Engineer,Python,,1,0.25,300,0,Львов,до 50 человек,Стартап,мужской,21,Высшее,Львовская Политехника,True,средний,"Финансы и банки,Другое",12/06/2017 17:45:49,"Mozilla/5.0 (Windows NT 6.1; Win64; x64) AppleWebKit/537.36 (KHTML, like Gecko) Chrome/58.0.3029.110 Safari/537.36",1.0,0.25,300,,DEV,560.8412698412699
1363,1364,Senior Software Engineer,Python,,10 и более лет,2,1500,1000,Удаленно,до 10 человек,Стартап,мужской,35,Высшее,ДонНУ,False,элементарный,"Системное программирование,Корпоративные системы",12/06/2017 19:10:01,Mozilla/5.0 (Windows NT 10.0; WOW64; rv:53.0) Gecko/20100101 Firefox/53.0,10.0,2.0,1500,,DEV,3387.0967741935483
1392,1393,Software Engineer,Python,,1.5,1.5,1400,1000,Львов,до 50 человек,Аутсорсинговая,мужской,26,Высшее,ЛНУ им. Франко,False,средний,"Веб-разработка,eCommerce",12/06/2017 19:31:39,"Mozilla/5.0 (X11; Linux x86_64) AppleWebKit/537.36 (KHTML, like Gecko) Chrome/56.0.2924.87 Safari/537.36",1.5,1.5,1400,,DEV,1799.07
1489,1490,Senior Software Engineer,Python,,4,1,3300,430,Львов,до 1000 человек,Аутсорсинговая,мужской,27,Высшее,Другой вуз,False,выше среднего,"Веб-разработка,Корпоративные системы",12/06/2017 20:48:17,"Mozilla/5.0 (Windows NT 10.0; Win64; x64) AppleWebKit/537.36 (KHTML, like Gecko) Chrome/58.0.3029.110 Safari/537.36",4.0,1.0,3300,,DEV,3387.0967741935483
1578,1579,Software Engineer,Python,,1,меньше 3 месяцев,2100,1200,Киев,до 200 человек,Аутсорсинговая,мужской,30,Высшее,Другой вуз,False,средний,Веб-разработка,12/06/2017 21:34:57,"Mozilla/5.0 (Macintosh; Intel Mac OS X 10_12_5) AppleWebKit/537.36 (KHTML, like Gecko) Chrome/58.0.3029.110 Safari/537.36",1.0,0.0,2100,,DEV,1799.07
1586,1587,Software Engineer,Python,,1,меньше 3 месяцев,700,500,Киев,до 10 человек,Продуктовая,мужской,19,Незаконченное высшее,НТУУ «КПИ»,True,выше среднего,Веб-разработка,12/06/2017 21:40:02,"Mozilla/5.0 (Linux; Android 6.0; MEIZU_M5 Build/MRA58K) AppleWebKit/537.36 (KHTML, like Gecko) Chrome/58.0.3029.83 Mobile Safari/537.36",1.0,0.0,700,,DEV,1799.07
1603,1604,Junior Software Engineer,Python,,0.5,0.5,300,100,Ивано-Франковск,до 10 человек,Аутсорсинговая,мужской,23,Незаконченное высшее,Другой вуз,True,ниже среднего,"Веб-разработка,Другое",12/06/2017 21:51:44,"Mozilla/5.0 (X11; Linux x86_64) AppleWebKit/537.36 (KHTML, like Gecko) Chrome/58.0.3029.110 Safari/537.36",0.5,0.5,300,,DEV,560.8412698412699
1614,1615,Junior Software Engineer,Python,,0.5,0.5,440,0,Львов,свыше 1000 человек,Аутсорсинговая,мужской,28,Кандидат,Другой вуз,False,средний,"Веб-разработка,Корпоративные системы",12/06/2017 21:59:19,"Mozilla/5.0 (X11; Linux x86_64) AppleWebKit/537.36 (KHTML, like Gecko) Ubuntu Chromium/58.0.3029.110 Chrome/58.0.3029.110 Safari/537.36",0.5,0.5,440,,DEV,560.8412698412699
1652,1653,Junior Software Engineer,Python,,0.5,0.25,500,200,Львов,до 10 человек,Аутсорсинговая,мужской,21,Незаконченное высшее,Другой вуз,True,средний,Веб-разработка,12/06/2017 22:18:34,"Mozilla/5.0 (Windows NT 10.0; Win64; x64) AppleWebKit/537.36 (KHTML, like Gecko) Chrome/58.0.3029.110 Safari/537.36",0.5,0.25,500,,DEV,560.8412698412699
1681,1682,Junior Software Engineer,Python,,0.5,0.5,800,200,Запорожье,до 50 человек,Аутсорсинговая,мужской,31,Высшее,Другой вуз,False,средний,Веб-разработка,12/06/2017 22:33:08,"Mozilla/5.0 (X11; Linux x86_64) AppleWebKit/537.36 (KHTML, like Gecko) Ubuntu Chromium/56.0.2924.76 Chrome/56.0.2924.76 Safari/537.36",0.5,0.5,800,,DEV,560.8412698412699
1695,1696,Junior Software Engineer,Python,,0.5,0.5,600,600,Киев,до 200 человек,Продуктовая,мужской,21,Незаконченное высшее,НТУУ «КПИ»,True,выше среднего,Веб-разработка,12/06/2017 22:41:19,"Mozilla/5.0 (X11; Linux x86_64) AppleWebKit/537.36 (KHTML, like Gecko) Chrome/58.0.3029.110 Safari/537.36 OPR/45.0.2552.888",0.5,0.5,600,,DEV,560.8412698412699
1733,1734,Junior Software Engineer,Python,,1,1,400,400,Харьков,до 10 человек,Аутсорсинговая,мужской,21,Высшее,ХАИ,True,ниже среднего,Веб-разработка,12/06/2017 22:59:04,"Mozilla/5.0 (X11; Linux x86_64) AppleWebKit/537.36 (KHTML, like Gecko) Chrome/58.0.3029.110 Safari/537.36 OPR/45.0.2552.888",1.0,1.0,400,,DEV,560.8412698412699
1748,1749,Software Engineer,Python,,1.5,1.5,700,200,Киев,до 10 человек,Стартап,женский,23,Высшее,КНЭУ,False,средний,Финансы и банки,12/06/2017 23:05:15,"Mozilla/5.0 (X11; Linux x86_64) AppleWebKit/537.36 (KHTML, like Gecko) Chrome/58.0.3029.81 Safari/537.36",1.5,1.5,700,,DEV,1799.07
1914,1915,Junior Software Engineer,Python,,0.25,0.25,400,0,Львов,до 200 человек,Аутсорсинговая,мужской,20,Незаконченное высшее,Львовская Политехника,True,средний,Веб-разработка,13/06/2017 01:53:20,"Mozilla/5.0 (Windows NT 10.0; Win64; x64) AppleWebKit/537.36 (KHTML, like Gecko) Chrome/60.0.3112.24 Safari/537.36",0.25,0.25,400,,DEV,560.8412698412699
1937,1938,Software Engineer,Python,,1,1,850,500,Киев,до 10 человек,Аутсорсинговая,мужской,20,Незаконченное высшее,НТУУ «КПИ»,True,выше среднего,Веб-разработка,13/06/2017 07:01:32,"Mozilla/5.0 (Windows NT 10.0; Win64; x64) AppleWebKit/537.36 (KHTML, like Gecko) Chrome/58.0.3029.110 Safari/537.36",1.0,1.0,850,,DEV,1799.07
1954,1955,Senior Software Engineer,Python,,5,меньше 3 месяцев,3900,400,Харьков,до 50 человек,Стартап,мужской,26,Высшее,ХНУРЭ,False,продвинутый,"Системное программирование,Другое",13/06/2017 07:50:49,"Mozilla/5.0 (Macintosh; Intel Mac OS X 10_12_5) AppleWebKit/537.36 (KHTML, like Gecko) Chrome/58.0.3029.110 Safari/537.36",5.0,0.0,3900,,DEV,3387.0967741935483
2014,2015,Software Engineer,Python,,4,0.5,4100,800,Львов,свыше 1000 человек,Аутсорсинговая,мужской,26,Высшее,ОНУ им. Мечникова,False,продвинутый,"Веб-разработка,Корпоративные системы",13/06/2017 09:05:55,Mozilla/5.0 (Windows NT 10.0; WOW64; rv:53.0) Gecko/20100101 Firefox/53.0,4.0,0.5,4100,,DEV,1799.07
2021,2022,Software Engineer,Python,,2,2,2000,500,Киев,до 50 человек,Аутсорсинговая,мужской,21,Незаконченное высшее,НАУ,True,выше среднего,Веб-разработка,13/06/2017 09:11:13,"Mozilla/5.0 (Linux; Android 5.1; m2 Build/LMY47D) AppleWebKit/537.36 (KHTML, like Gecko) Chrome/58.0.3029.83 Mobile Safari/537.36",2.0,2.0,2000,,DEV,1799.07
2133,2134,Junior Software Engineer,Python,,0.5,0.5,100,0,Запорожье,до 50 человек,Аутсорсинговая,мужской,32,Высшее,ЗНТУ,False,средний,Веб-разработка,13/06/2017 10:25:39,Mozilla/5.0 (Windows NT 6.1; WOW64; rv:53.0) Gecko/20100101 Firefox/53.0,0.5,0.5,100,,DEV,560.8412698412699
2165,2166,Senior Software Engineer,Python,,4,1.5,3000,600,Удаленно,до 50 человек,Аутсорсинговая,мужской,28,Высшее,КНУ им. Шевченко,False,средний,"iOS,Веб-разработка",13/06/2017 10:41:12,"Mozilla/5.0 (Macintosh; Intel Mac OS X 10_12_5) AppleWebKit/603.2.4 (KHTML, like Gecko) Version/10.1.1 Safari/603.2.4",4.0,1.5,3000,,DEV,3387.0967741935483
2184,2185,Software Engineer,Python,,4,1.5,2300,600,Киев,до 10 человек,Стартап,мужской,34,Два высших,НТУУ «КПИ»,False,выше среднего,"Веб-разработка,Системное программирование",13/06/2017 10:54:05,"Mozilla/5.0 (Linux; Android 6.0.1; SM-J710F Build/MMB29K) AppleWebKit/537.36 (KHTML, like Gecko) Chrome/58.0.3029.83 Mobile Safari/537.36",4.0,1.5,2300,,DEV,1799.07
2187,2188,Junior Software Engineer,Python,,1.5,меньше 3 месяцев,650,450,Киев,до 200 человек,Продуктовая,мужской,19,Незаконченное высшее,НТУУ «КПИ»,False,ниже среднего,"Телекоммуникации,Корпоративные системы",13/06/2017 10:55:35,Mozilla/5.0 (X11; Ubuntu; Linux x86_64; rv:53.0) Gecko/20100101 Firefox/53.0,1.5,0.0,650,,DEV,560.8412698412699
2192,2193,Software Engineer,Python,,2,1,2500,0,Киев,свыше 1000 человек,Аутсорсинговая,мужской,20,Незаконченное высшее,НТУУ «КПИ»,True,выше среднего,Веб-разработка,13/06/2017 10:56:57,"Mozilla/5.0 (X11; Linux x86_64) AppleWebKit/537.36 (KHTML, like Gecko) Chrome/59.0.3071.86 Safari/537.36",2.0,1.0,2500,,DEV,1799.07
2224,2225,Software Engineer,Python,,6,2,4500,1500,Киев,до 50 человек,Продуктовая,мужской,33,Высшее,НТУУ «КПИ»,False,средний,Gamedev,13/06/2017 11:17:57,"Mozilla/5.0 (Windows NT 10.0; Win64; x64) AppleWebKit/537.36 (KHTML, like Gecko) Chrome/58.0.3029.110 Safari/537.36 OPR/45.0.2552.888",6.0,2.0,4500,,DEV,1799.07
2244,2245,Software Engineer,Python,,3,0.5,2400,1000,Киев,свыше 1000 человек,Аутстаффинговая,мужской,24,Высшее,НТУ «ХПИ»,False,выше среднего,Другое,13/06/2017 11:29:18,"Mozilla/5.0 (Windows NT 10.0; Win64; x64) AppleWebKit/537.36 (KHTML, like Gecko) Chrome/58.0.3029.110 Safari/537.36",3.0,0.5,2400,,DEV,1799.07
2286,2287,Software Engineer,Python,,4,1,3500,0,Удаленно,до 10 человек,Продуктовая,мужской,30,Высшее,ДонНУ,False,выше среднего,Веб-разработка,13/06/2017 11:54:54,"Mozilla/5.0 (X11; Linux x86_64) AppleWebKit/537.36 (KHTML, like Gecko) Ubuntu Chromium/58.0.3029.110 Chrome/58.0.3029.110 Safari/537.36",4.0,1.0,3500,,DEV,1799.07
2289,2290,Senior Software Engineer,Python,,7,4,3000,0,Харьков,до 1000 человек,Аутстаффинговая,мужской,27,Высшее,ХНЭУ,False,средний,Веб-разработка,13/06/2017 11:57:00,"Mozilla/5.0 (X11; Linux x86_64) AppleWebKit/537.36 (KHTML, like Gecko) Chrome/57.0.2987.98 Safari/537.36",7.0,4.0,3000,,DEV,3387.0967741935483
2350,2351,Software Engineer,Python,,5,1,2100,0,Львов,до 1000 человек,Продуктовая,мужской,31,Два высших,ЛНУ им. Франко,False,средний,Веб-разработка,13/06/2017 12:14:47,"Mozilla/5.0 (Macintosh; Intel Mac OS X 10_11_6) AppleWebKit/537.36 (KHTML, like Gecko) Chrome/58.0.3029.110 Safari/537.36",5.0,1.0,2100,,DEV,1799.07
2356,2357,Software Engineer,Python,,2,меньше 3 месяцев,1900,1100,Удаленно,до 50 человек,Аутсорсинговая,мужской,23,Высшее,НГУ [Днепропетровск],False,средний,Веб-разработка,13/06/2017 12:14:55,"Mozilla/5.0 (X11; Linux x86_64) AppleWebKit/537.36 (KHTML, like Gecko) Chrome/58.0.3029.110 Safari/537.36",2.0,0.0,1900,,DEV,1799.07
2387,2388,Senior Software Engineer,Python,,10 и более лет,3,2600,600,Львов,свыше 1000 человек,Аутстаффинговая,мужской,28,Высшее,Другой вуз,False,средний,"Системное программирование,Телекоммуникации",13/06/2017 12:16:39,"Mozilla/5.0 (Macintosh; Intel Mac OS X 10_12_5) AppleWebKit/603.2.4 (KHTML, like Gecko) Version/10.1.1 Safari/603.2.4",10.0,3.0,2600,,DEV,3387.0967741935483
2433,2434,Software Engineer,Python,,10 и более лет,меньше 3 месяцев,1900,700,Удаленно,до 10 человек,Стартап,мужской,29,Высшее,Другой вуз,False,выше среднего,"Веб-разработка,eCommerce",13/06/2017 12:19:00,"Mozilla/5.0 (Macintosh; Intel Mac OS X 10_12_5) AppleWebKit/603.2.4 (KHTML, like Gecko) Version/10.1.1 Safari/603.2.4",10.0,0.0,1900,,DEV,1799.07
2454,2455,Software Engineer,Python,,1.5,0.5,500,0,Харьков,до 1000 человек,Другая,мужской,24,Высшее,НТУ «ХПИ»,False,ниже среднего,"Веб-разработка,Корпоративные системы",13/06/2017 12:20:12,"Mozilla/5.0 (X11; Linux x86_64) AppleWebKit/537.36 (KHTML, like Gecko) Chrome/59.0.3071.86 Safari/537.36",1.5,0.5,500,,DEV,1799.07
2463,2464,Software Engineer,Python,,6,3,3000,800,Днепр,до 50 человек,Продуктовая,мужской,27,Высшее,ДНУ им. Гончара,False,продвинутый,Веб-разработка,13/06/2017 12:21:19,"Mozilla/5.0 (X11; Linux x86_64) AppleWebKit/537.36 (KHTML, like Gecko) Chrome/58.0.3029.81 Safari/537.36",6.0,3.0,3000,,DEV,1799.07
2474,2475,Software Engineer,Python,,2,0.25,1500,200,Киев,до 1000 человек,Продуктовая,мужской,23,Незаконченное высшее,НТУУ «КПИ»,False,средний,Веб-разработка,13/06/2017 12:21:53,"Mozilla/5.0 (iPhone; CPU iPhone OS 10_3_2 like Mac OS X) AppleWebKit/603.2.4 (KHTML, like Gecko) Version/10.0 Mobile/14F89 Safari/602.1",2.0,0.25,1500,,DEV,1799.07
2557,2558,Software Engineer,Python,,3,1.5,2300,300,Другой,до 200 человек,Продуктовая,мужской,25,Два высших,ХНЭУ,False,выше среднего,"Веб-разработка,eCommerce",13/06/2017 12:29:25,"Mozilla/5.0 (X11; Linux x86_64) AppleWebKit/537.36 (KHTML, like Gecko) Chrome/59.0.3071.86 Safari/537.36",3.0,1.5,2300,,DEV,1799.07
2632,2633,Technical Lead,Python,,4,1.5,3500,1000,Киев,до 50 человек,Продуктовая,мужской,23,Незаконченное высшее,НТУУ «КПИ»,False,выше среднего,Веб-разработка,13/06/2017 12:37:02,"Mozilla/5.0 (Macintosh; Intel Mac OS X 10_12_5) AppleWebKit/537.36 (KHTML, like Gecko) Chrome/59.0.3071.86 Safari/537.36",4.0,1.5,3500,,SDEV,3165.909090909091
2652,2653,Software Engineer,Python,,4,меньше 3 месяцев,1700,100,Киев,до 10 человек,Продуктовая,мужской,26,Техникум / Колледж,,False,средний,"Веб-разработка,eCommerce",13/06/2017 12:39:39,"Mozilla/5.0 (X11; Linux x86_64) AppleWebKit/537.36 (KHTML, like Gecko) Chrome/59.0.3071.86 Safari/537.36",4.0,0.0,1700,,DEV,1799.07
2661,2662,Software Engineer,Python,,1,0.25,1100,900,Киев,до 10 человек,Аутстаффинговая,мужской,20,Высшее,НАУ,False,продвинутый,"Веб-разработка,Другое",13/06/2017 12:41:04,"Mozilla/5.0 (X11; Linux x86_64) AppleWebKit/537.36 (KHTML, like Gecko) Chrome/57.0.2987.110 Safari/537.36",1.0,0.25,1100,,DEV,1799.07
2768,2769,Software Engineer,Python,,4,1,1880,250,Днепр,свыше 1000 человек,Аутсорсинговая,мужской,31,Техникум / Колледж,,False,ниже среднего,Веб-разработка,13/06/2017 12:57:44,"Mozilla/5.0 (X11; Linux x86_64) AppleWebKit/537.36 (KHTML, like Gecko) Chrome/59.0.3071.86 Safari/537.36",4.0,1.0,1880,,DEV,1799.07
2781,2782,Software Engineer,Python,,5,1,2000,1000,Киев,до 10 человек,Стартап,мужской,27,Высшее,Другой вуз,False,средний,Веб-разработка,13/06/2017 12:59:43,"Mozilla/5.0 (Macintosh; Intel Mac OS X 10_12_4) AppleWebKit/537.36 (KHTML, like Gecko) Chrome/58.0.3029.110 Safari/537.36",5.0,1.0,2000,,DEV,1799.07
2795,2796,Junior Software Engineer,Python,,2,0.5,1000,100,Полтава,до 10 человек,Продуктовая,мужской,23,Высшее,Другой вуз,True,средний,Веб-разработка,13/06/2017 13:02:17,"Mozilla/5.0 (X11; Linux x86_64) AppleWebKit/537.36 (KHTML, like Gecko) Chrome/58.0.3029.110 Safari/537.36",2.0,0.5,1000,,DEV,560.8412698412699
2834,2835,Junior Software Engineer,Python,,1,0.5,300,0,Львов,до 200 человек,Аутсорсинговая,мужской,22,Высшее,ЧГУ им. Петра Могилы,False,выше среднего,Веб-разработка,13/06/2017 13:11:52,"Mozilla/5.0 (X11; Linux x86_64) AppleWebKit/537.36 (KHTML, like Gecko) Chrome/57.0.2987.110 Safari/537.36",1.0,0.5,300,,DEV,560.8412698412699
2837,2838,Senior Software Engineer,Python,,4,2,2400,200,Харьков,до 50 человек,Аутстаффинговая,мужской,29,Высшее,ДНУ им. Гончара,False,элементарный,"Веб-разработка,eCommerce",13/06/2017 13:12:22,"Mozilla/5.0 (Macintosh; Intel Mac OS X 10_12_4) AppleWebKit/537.36 (KHTML, like Gecko) Chrome/59.0.3071.86 Safari/537.36",4.0,2.0,2400,,DEV,3387.0967741935483
2904,2905,Software Engineer,Python,,0.5,0.25,1300,850,Киев,до 50 человек,Стартап,мужской,28,Высшее,ХНУРЭ,False,продвинутый,"Веб-разработка,Корпоративные системы",13/06/2017 13:28:13,"Mozilla/5.0 (Macintosh; Intel Mac OS X 10_12_5) AppleWebKit/537.36 (KHTML, like Gecko) Chrome/58.0.3029.110 Safari/537.36",0.5,0.25,1300,,DEV,1799.07
2908,2909,Junior Software Engineer,Python,,меньше 3 месяцев,меньше 3 месяцев,500,0,Киев,до 10 человек,Аутсорсинговая,мужской,24,Высшее,ГУТ,False,выше среднего,"Веб-разработка,Финансы и банки",13/06/2017 13:28:52,"Mozilla/5.0 (Windows NT 10.0; Win64; x64) AppleWebKit/537.36 (KHTML, like Gecko) Chrome/58.0.3029.110 Safari/537.36",0.0,0.0,500,,DEV,560.8412698412699
2946,2947,Senior Software Engineer,Python,,6,1.5,3200,200,Львов,до 1000 человек,Аутсорсинговая,мужской,32,Высшее,ХАИ,False,выше среднего,"Веб-разработка,Корпоративные системы",13/06/2017 13:40:17,Mozilla/5.0 (Macintosh; Intel Mac OS X 10.12; rv:53.0) Gecko/20100101 Firefox/53.0,6.0,1.5,3200,,DEV,3387.0967741935483
2959,2960,Junior Software Engineer,Python,,2,2,800,250,Львов,свыше 1000 человек,Аутсорсинговая,мужской,24,Высшее,ЛНУ им. Франко,False,средний,Веб-разработка,13/06/2017 13:45:43,"Mozilla/5.0 (Windows NT 10.0; Win64; x64) AppleWebKit/537.36 (KHTML, like Gecko) Chrome/58.0.3029.110 Safari/537.36",2.0,2.0,800,,DEV,560.8412698412699
2983,2984,Junior Software Engineer,Python,,1.5,1.5,400,100,Ивано-Франковск,до 200 человек,Аутсорсинговая,женский,23,Высшее,ЛНУ им. Франко,False,выше среднего,Веб-разработка,13/06/2017 13:53:04,"Mozilla/5.0 (X11; Linux x86_64) AppleWebKit/537.36 (KHTML, like Gecko) Chrome/53.0.2785.113 Safari/537.36",1.5,1.5,400,,DEV,560.8412698412699
3044,3045,Software Engineer,Python,,4,1.5,1000,200,Львов,до 10 человек,Аутсорсинговая,мужской,29,Высшее,Другой вуз,False,выше среднего,Веб-разработка,13/06/2017 14:14:30,"Mozilla/5.0 (Linux; Android 6.0.1; Redmi 3S Build/MMB29M) AppleWebKit/537.36 (KHTML, like Gecko) Chrome/58.0.3029.83 Mobile Safari/537.36",4.0,1.5,1000,,DEV,1799.07
3050,3051,Software Engineer,Python,,1,0.25,1500,1000,Киев,до 10 человек,Продуктовая,мужской,30,Высшее,ДонНТУ,False,средний,"Веб-разработка,Финансы и банки",13/06/2017 14:16:08,"Mozilla/5.0 (X11; Linux x86_64) AppleWebKit/537.36 (KHTML, like Gecko) Chrome/57.0.2987.133 Safari/537.36",1.0,0.25,1500,,DEV,1799.07
3145,3146,Technical Lead,Python,,10 и более лет,2,1425,475,Киев,до 50 человек,Аутсорсинговая,мужской,43,Высшее,КНУ им. Шевченко,False,выше среднего,Корпоративные системы,13/06/2017 14:51:19,Mozilla/5.0 (X11; Ubuntu; Linux x86_64; rv:52.0) Gecko/20100101 Firefox/52.0,10.0,2.0,1425,,SDEV,3165.909090909091
3149,3150,Junior Software Engineer,Python,,0.25,0.25,400,0,Киев,до 10 человек,Другая,мужской,21,Незаконченное высшее,НТУУ «КПИ»,True,средний,Веб-разработка,13/06/2017 14:52:32,"Mozilla/5.0 (Windows NT 6.1; Win64; x64) AppleWebKit/537.36 (KHTML, like Gecko) Chrome/58.0.3029.110 Safari/537.36",0.25,0.25,400,,DEV,560.8412698412699
3156,3157,Software Engineer,Python,,1.5,0.5,1000,500,Киев,до 10 человек,Продуктовая,мужской,26,Высшее,НАУ,False,средний,Веб-разработка,13/06/2017 14:55:45,Mozilla/5.0 (X11; Ubuntu; Linux x86_64; rv:51.0) Gecko/20100101 Firefox/51.0,1.5,0.5,1000,,DEV,1799.07
3158,3159,Junior Software Engineer,Python,,0.5,0.5,550,200,Харьков,до 50 человек,Аутсорсинговая,мужской,27,Незаконченное высшее,ХНУРЭ,False,средний,Веб-разработка,13/06/2017 14:56:15,"Mozilla/5.0 (X11; Linux x86_64) AppleWebKit/537.36 (KHTML, like Gecko) Chrome/58.0.3029.96 Safari/537.36",0.5,0.5,550,,DEV,560.8412698412699
3176,3177,Senior Software Engineer,Python,,6,0.25,3500,0,Киев,до 10 человек,Аутстаффинговая,мужской,26,Высшее,НАУ,False,средний,Другое,13/06/2017 15:06:41,"Mozilla/5.0 (Macintosh; Intel Mac OS X 10_12_5) AppleWebKit/537.36 (KHTML, like Gecko) Chrome/58.0.3029.110 Safari/537.36",6.0,0.25,3500,,DEV,3387.0967741935483
3232,3233,Software Engineer,Python,,2,2,2700,1000,Киев,до 50 человек,Аутсорсинговая,мужской,21,Незаконченное высшее,НАУ,True,продвинутый,"Веб-разработка,eCommerce",13/06/2017 15:34:31,"Mozilla/5.0 (Macintosh; Intel Mac OS X 10_12_5) AppleWebKit/603.2.4 (KHTML, like Gecko) Version/10.1.1 Safari/603.2.4",2.0,2.0,2700,,DEV,1799.07
3267,3268,Junior Software Engineer,Python,,1,меньше 3 месяцев,900,600,Киев,до 1000 человек,Аутсорсинговая,мужской,21,Высшее,НТУУ «КПИ»,False,средний,"Веб-разработка,Другое",13/06/2017 15:52:33,"Mozilla/5.0 (Macintosh; Intel Mac OS X 10_12_1) AppleWebKit/537.36 (KHTML, like Gecko) Chrome/58.0.3029.110 Safari/537.36",1.0,0.0,900,,DEV,560.8412698412699
3415,3416,Software Engineer,Python,,2,0.5,1000,700,Николаев,до 50 человек,Продуктовая,мужской,27,Высшее,Другой вуз,False,ниже среднего,Веб-разработка,13/06/2017 17:30:37,"Mozilla/5.0 (X11; Linux x86_64) AppleWebKit/537.36 (KHTML, like Gecko) Chrome/56.0.2924.87 Safari/537.36",2.0,0.5,1000,,DEV,1799.07
3480,3481,Software Engineer,Python,,2,1,1500,500,Киев,до 50 человек,Аутсорсинговая,мужской,40,Высшее,ХАИ,False,выше среднего,"Веб-разработка,eCommerce",13/06/2017 18:39:42,Mozilla/5.0 (X11; Ubuntu; Linux x86_64; rv:53.0) Gecko/20100101 Firefox/53.0,2.0,1.0,1500,,DEV,1799.07
3482,3483,Software Engineer,Python,,4,3,1700,100,Харьков,до 1000 человек,Продуктовая,мужской,26,Высшее,ХНУРЭ,False,выше среднего,Системное программирование,13/06/2017 18:39:57,"Mozilla/5.0 (X11; Linux x86_64) AppleWebKit/537.36 (KHTML, like Gecko) Chrome/57.0.2987.133 Safari/537.36",4.0,3.0,1700,,DEV,1799.07
3488,3489,Software Engineer,Python,,8,1.5,2000,200,Львов,до 50 человек,Аутстаффинговая,мужской,28,Незаконченное высшее,Другой вуз,False,ниже среднего,Веб-разработка,13/06/2017 18:48:48,"Mozilla/5.0 (Linux; Android 6.0.1; MI 5 Build/MXB48T) AppleWebKit/537.36 (KHTML, like Gecko) Chrome/58.0.3029.83 Mobile Safari/537.36",8.0,1.5,2000,,DEV,1799.07
3523,3524,Software Engineer,Python,,4,1.5,3000,1000,Киев,до 200 человек,Аутсорсинговая,мужской,23,Высшее,КНУ им. Шевченко,False,выше среднего,"Веб-разработка,Другое",13/06/2017 19:39:34,"Mozilla/5.0 (Macintosh; Intel Mac OS X 10_11_4) AppleWebKit/537.36 (KHTML, like Gecko) Chrome/58.0.3029.110 Safari/537.36",4.0,1.5,3000,,DEV,1799.07
3532,3533,Software Engineer,Python,,2,2,1900,400,Киев,до 10 человек,Стартап,мужской,32,Высшее,НТУУ «КПИ»,False,продвинутый,Веб-разработка,13/06/2017 19:54:30,Mozilla/5.0 (X11; Ubuntu; Linux x86_64; rv:53.0) Gecko/20100101 Firefox/53.0,2.0,2.0,1900,,DEV,1799.07
3542,3543,Junior Software Engineer,Python,,0.5,0.5,700,0,Львов,до 50 человек,Аутсорсинговая,мужской,42,Высшее,Львовская Политехника,False,средний,Веб-разработка,13/06/2017 20:10:49,"Mozilla/5.0 (Windows NT 10.0; Win64; x64) AppleWebKit/537.36 (KHTML, like Gecko) Chrome/58.0.3029.110 Safari/537.36",0.5,0.5,700,,DEV,560.8412698412699
3621,3622,Software Engineer,Python,,4,2,1700,600,Киев,свыше 1000 человек,Аутсорсинговая,женский,26,Высшее,НГУ [Днепропетровск],False,выше среднего,"Веб-разработка,Другое",13/06/2017 21:54:40,"Mozilla/5.0 (Macintosh; Intel Mac OS X 10_12_5) AppleWebKit/537.36 (KHTML, like Gecko) Chrome/58.0.3029.110 Safari/537.36",4.0,2.0,1700,,DEV,1799.07
3658,3659,Software Engineer,Python,,10 и более лет,0.5,2200,0,Днепр,свыше 1000 человек,Аутсорсинговая,мужской,38,Высшее,ДНУ им. Гончара,False,средний,"Веб-разработка,Корпоративные системы",13/06/2017 22:40:45,"Mozilla/5.0 (Windows NT 10.0; Win64; x64) AppleWebKit/537.36 (KHTML, like Gecko) Chrome/58.0.3029.110 Safari/537.36",10.0,0.5,2200,,DEV,1799.07
3679,3680,Junior Software Engineer,Python,,0.25,0.25,500,200,Киев,до 1000 человек,Продуктовая,мужской,20,Незаконченное высшее,НТУУ «КПИ»,True,средний,Веб-разработка,13/06/2017 23:07:44,"Mozilla/5.0 (X11; Linux x86_64) AppleWebKit/537.36 (KHTML, like Gecko) Chrome/56.0.2924.87 Safari/537.36",0.25,0.25,500,,DEV,560.8412698412699
3722,3723,Senior Software Engineer,Python,,5,3,3100,0,Киев,до 1000 человек,Аутсорсинговая,мужской,26,Незаконченное высшее,Другой вуз,False,выше среднего,"Веб-разработка,Системное программирование",14/06/2017 00:26:52,"Mozilla/5.0 (Macintosh; Intel Mac OS X 10_12_5) AppleWebKit/603.2.4 (KHTML, like Gecko) Version/10.1.1 Safari/603.2.4",5.0,3.0,3100,,DEV,3387.0967741935483
3780,3781,Junior Software Engineer,Python,,1.5,1,500,250,Днепр,до 10 человек,Аутсорсинговая,мужской,43,Высшее,ХНУРЭ,False,средний,Веб-разработка,14/06/2017 09:00:01,"Mozilla/5.0 (Macintosh; Intel Mac OS X 10_12_5) AppleWebKit/603.2.4 (KHTML, like Gecko) Version/10.1.1 Safari/603.2.4",1.5,1.0,500,,DEV,560.8412698412699
3821,3822,Junior Software Engineer,Python,,1,меньше 3 месяцев,230,75,Другой,до 10 человек,Другая,мужской,28,Высшее,Другой вуз,False,ниже среднего,Веб-разработка,14/06/2017 10:12:26,"Mozilla/5.0 (X11; Linux x86_64) AppleWebKit/537.36 (KHTML, like Gecko) Chrome/59.0.3071.86 Safari/537.36",1.0,0.0,230,,DEV,560.8412698412699
3827,3828,Software Engineer,Python,,4,1,1750,0,Киев,свыше 1000 человек,Аутсорсинговая,мужской,28,Среднее,,False,ниже среднего,Веб-разработка,14/06/2017 10:18:48,Mozilla/5.0 (X11; Ubuntu; Linux x86_64; rv:51.0) Gecko/20100101 Firefox/51.0,4.0,1.0,1750,,DEV,1799.07
3838,3839,Software Engineer,Python,,6,5,1200,200,Херсон,до 50 человек,Продуктовая,мужской,30,Высшее,Другой вуз,False,средний,Веб-разработка,14/06/2017 10:35:35,Mozilla/5.0 (X11; Ubuntu; Linux x86_64; rv:53.0) Gecko/20100101 Firefox/53.0,6.0,5.0,1200,,DEV,1799.07
3854,3855,Software Engineer,Python,,2,2,2100,830,Днепр,до 1000 человек,Продуктовая,мужской,27,Высшее,ДНУ им. Гончара,False,ниже среднего,Веб-разработка,14/06/2017 10:48:28,Mozilla/5.0 (X11; Ubuntu; Linux x86_64; rv:53.0) Gecko/20100101 Firefox/53.0,2.0,2.0,2100,,DEV,1799.07
3871,3872,Junior Software Engineer,Python,,меньше 3 месяцев,меньше 3 месяцев,300,0,Львов,до 50 человек,Аутсорсинговая,мужской,19,Незаконченное высшее,Львовская Политехника,True,средний,Веб-разработка,14/06/2017 11:18:58,"Mozilla/5.0 (Windows NT 6.1; Win64; x64) AppleWebKit/537.36 (KHTML, like Gecko) Chrome/59.0.3071.86 Safari/537.36",0.0,0.0,300,,DEV,560.8412698412699
3874,3875,Software Engineer,Python,,4,1,2000,0,Львов,до 200 человек,Аутсорсинговая,мужской,25,Высшее,Львовская Политехника,False,выше среднего,"Веб-разработка,Корпоративные системы",14/06/2017 11:21:20,"Mozilla/5.0 (Windows NT 6.1; Win64; x64) AppleWebKit/537.36 (KHTML, like Gecko) Chrome/58.0.3029.110 Safari/537.36",4.0,1.0,2000,,DEV,1799.07
3935,3936,Technical Lead,Python,,10 и более лет,0.25,3700,0,Киев,свыше 1000 человек,Аутсорсинговая,мужской,34,Высшее,Другой вуз,False,выше среднего,"Embedded,Другое",14/06/2017 12:26:36,"Mozilla/5.0 (Linux; Android 5.0; SM-N900V Build/LRX21V) AppleWebKit/537.36 (KHTML, like Gecko) Chrome/58.0.3029.83 Mobile Safari/537.36",10.0,0.25,3700,,SDEV,3165.909090909091
3995,3996,Software Engineer,Python,,5,1,1650,0,Одесса,до 10 человек,Продуктовая,мужской,30,Высшее,Другой вуз,False,средний,Веб-разработка,14/06/2017 14:21:58,"Mozilla/5.0 (Macintosh; Intel Mac OS X 10_12_5) AppleWebKit/603.2.4 (KHTML, like Gecko) Version/10.1.1 Safari/603.2.4",5.0,1.0,1650,,DEV,1799.07
4025,4026,Software Engineer,Python,,3,меньше 3 месяцев,2400,1000,Львов,до 200 человек,Аутсорсинговая,мужской,25,Высшее,Львовская Политехника,False,выше среднего,"Веб-разработка,Корпоративные системы",14/06/2017 15:21:29,"Mozilla/5.0 (X11; Linux x86_64) AppleWebKit/537.36 (KHTML, like Gecko) Ubuntu Chromium/58.0.3029.110 Chrome/58.0.3029.110 Safari/537.36",3.0,0.0,2400,,DEV,1799.07
4079,4080,Software Engineer,Python,,9,2,5400,600,Удаленно,до 10 человек,Продуктовая,мужской,34,Высшее,ЗНТУ,False,выше среднего,"Desktop Applications,Другое",14/06/2017 16:45:46,"Mozilla/5.0 (X11; Linux x86_64) AppleWebKit/537.36 (KHTML, like Gecko) Chrome/58.0.3029.110 Safari/537.36",9.0,2.0,5400,,DEV,1799.07
4186,4187,Junior Software Engineer,Python,,1,0.5,750,0,Львов,до 50 человек,Аутсорсинговая,мужской,39,Высшее,Львовская Политехника,False,ниже среднего,Веб-разработка,14/06/2017 21:41:54,"Mozilla/5.0 (Windows NT 6.1) AppleWebKit/537.36 (KHTML, like Gecko) Chrome/58.0.3029.110 Safari/537.36",1.0,0.5,750,,DEV,560.8412698412699
4236,4237,Software Engineer,Python,,5,1.5,2300,300,Львов,до 1000 человек,Аутсорсинговая,мужской,29,Высшее,Львовская Политехника,False,средний,"Корпоративные системы,Другое",15/06/2017 00:17:57,Mozilla/5.0 (Android 5.0.2; Mobile; rv:53.0) Gecko/53.0 Firefox/53.0,5.0,1.5,2300,,DEV,1799.07
4265,4266,Software Engineer,Python,,1,1,500,100,Одесса,до 50 человек,Аутсорсинговая,женский,29,Высшее,ОНПУ,False,выше среднего,"Веб-разработка,Корпоративные системы",15/06/2017 08:24:50,"Mozilla/5.0 (Macintosh; Intel Mac OS X 10_11_6) AppleWebKit/537.36 (KHTML, like Gecko) Chrome/58.0.3029.110 Safari/537.36",1.0,1.0,500,,DEV,1799.07
4323,4324,Technical Lead,Python,,2,2,3300,800,Харьков,до 200 человек,Аутсорсинговая,мужской,26,Высшее,ХНУРЭ,False,средний,Веб-разработка,15/06/2017 11:16:57,Mozilla/5.0 (X11; Ubuntu; Linux x86_64; rv:53.0) Gecko/20100101 Firefox/53.0,2.0,2.0,3300,,SDEV,3165.909090909091
4550,4551,Software Engineer,Python,,3,0.5,1400,500,Херсон,свыше 1000 человек,Аутсорсинговая,мужской,18,Незаконченное высшее,Другой вуз,True,выше среднего,"Веб-разработка,Мультимедиа",16/06/2017 00:51:12,"Mozilla/5.0 (Macintosh; Intel Mac OS X 10_12_5) AppleWebKit/537.36 (KHTML, like Gecko) Chrome/58.0.3029.110 Safari/537.36",3.0,0.5,1400,,DEV,1799.07
4599,4600,Software Engineer,Python,,3,1,1400,560,Удаленно,до 10 человек,Аутсорсинговая,мужской,22,Среднее,,False,выше среднего,Веб-разработка,16/06/2017 11:09:16,"Mozilla/5.0 (Macintosh; Intel Mac OS X 10_12_0) AppleWebKit/537.36 (KHTML, like Gecko) Chrome/58.0.3029.110 Safari/537.36",3.0,1.0,1400,,DEV,1799.07
4649,4650,Senior Software Engineer,Python,,4,меньше 3 месяцев,3300,300,Харьков,до 200 человек,Стартап,мужской,26,Высшее,ХНУРЭ,False,продвинутый,"Системное программирование,Другое",16/06/2017 14:00:07,"Mozilla/5.0 (Macintosh; Intel Mac OS X 10_12_5) AppleWebKit/603.2.4 (KHTML, like Gecko) Version/10.1.1 Safari/603.2.4",4.0,0.0,3300,,DEV,3387.0967741935483
4665,4666,Software Engineer,Python,,1.5,1,900,400,Одесса,до 50 человек,Аутсорсинговая,мужской,26,Два высших,Другой вуз,False,выше среднего,Веб-разработка,16/06/2017 14:45:26,"Mozilla/5.0 (Macintosh; Intel Mac OS X 10_11_5) AppleWebKit/537.36 (KHTML, like Gecko) Chrome/58.0.3029.110 Safari/537.36",1.5,1.0,900,,DEV,1799.07
4705,4706,Software Engineer,Python,,3,2,1600,0,Киев,до 200 человек,Аутсорсинговая,мужской,22,Высшее,НТУУ «КПИ»,True,выше среднего,Системное программирование,16/06/2017 17:06:49,"Mozilla/5.0 (X11; Linux x86_64) AppleWebKit/537.36 (KHTML, like Gecko) Chrome/57.0.2987.133 Safari/537.36",3.0,2.0,1600,,DEV,1799.07
4730,4731,Junior Software Engineer,Python,,2,1,500,100,Ровно,свыше 1000 человек,Аутсорсинговая,мужской,30,Высшее,Другой вуз,False,средний,"Системное программирование,Корпоративные системы",16/06/2017 19:30:26,Mozilla/5.0 (X11; Ubuntu; Linux x86_64; rv:54.0) Gecko/20100101 Firefox/54.0,2.0,1.0,500,,DEV,560.8412698412699
4746,4747,Technical Lead,Python,,5,3,2900,180,Днепр,до 10 человек,Аутстаффинговая,мужской,26,Высшее,ДНУ им. Гончара,False,выше среднего,Веб-разработка,16/06/2017 21:46:04,"Mozilla/5.0 (Macintosh; Intel Mac OS X 10_10_2) AppleWebKit/537.36 (KHTML, like Gecko) Chrome/58.0.3029.110 Safari/537.36",5.0,3.0,2900,,SDEV,3165.909090909091
4847,4848,Software Engineer,Python,,4,1.5,2000,200,Киев,до 50 человек,Продуктовая,мужской,27,Высшее,КНУ им. Шевченко,False,выше среднего,Другое,17/06/2017 19:18:58,Mozilla/5.0 (X11; Ubuntu; Linux x86_64; rv:54.0) Gecko/20100101 Firefox/54.0,4.0,1.5,2000,,DEV,1799.07
4855,4856,Junior Software Engineer,Python,,1.5,1.5,700,0,Львов,до 50 человек,Аутсорсинговая,мужской,36,Высшее,Львовская Политехника,False,средний,Другое,17/06/2017 20:02:35,"Mozilla/5.0 (Linux; Android 5.1.1; Redmi Note 3 Build/LMY47V) AppleWebKit/537.36 (KHTML, like Gecko) Chrome/58.0.3029.83 Mobile Safari/537.36",1.5,1.5,700,,DEV,560.8412698412699
4876,4877,Software Engineer,Python,,3,0.5,1500,0,Львов,до 50 человек,Аутсорсинговая,мужской,24,Высшее,Другой вуз,False,выше среднего,Веб-разработка,17/06/2017 23:21:21,"Mozilla/5.0 (X11; Linux x86_64) AppleWebKit/537.36 (KHTML, like Gecko) Chrome/58.0.3029.110 Safari/537.36",3.0,0.5,1500,,DEV,1799.07
4888,4889,Senior Software Engineer,Python,,8,меньше 3 месяцев,9200,2200,Другой,свыше 1000 человек,Продуктовая,мужской,27,Высшее,ДНУ им. Гончара,False,продвинутый,"Телекоммуникации,Корпоративные системы",18/06/2017 07:16:56,Mozilla/5.0 (Macintosh; Intel Mac OS X 10.12; rv:53.0) Gecko/20100101 Firefox/53.0,8.0,0.0,9200,,DEV,3387.0967741935483
4952,4953,Junior Software Engineer,Python,,1,0.25,700,0,Киев,до 50 человек,Стартап,мужской,19,Незаконченное высшее,НТУУ «КПИ»,True,выше среднего,Веб-разработка,18/06/2017 19:40:22,"Mozilla/5.0 (X11; Linux x86_64) AppleWebKit/537.36 (KHTML, like Gecko) Chrome/57.0.2987.110 Safari/537.36",1.0,0.25,700,,DEV,560.8412698412699
4966,4967,Software Engineer,Python,,1,1,700,400,Киев,до 10 человек,Стартап,мужской,26,Высшее,НТУУ «КПИ»,False,ниже среднего,Другое,18/06/2017 22:10:18,"Mozilla/5.0 (Windows NT 6.1; Win64; x64) AppleWebKit/537.36 (KHTML, like Gecko) Chrome/58.0.3029.110 Safari/537.36",1.0,1.0,700,,DEV,1799.07
4971,4972,Junior Software Engineer,Python,,меньше 3 месяцев,меньше 3 месяцев,211,300,Киев,до 10 человек,Продуктовая,мужской,23,Высшее,КНУ им. Шевченко,True,выше среднего,Корпоративные системы,18/06/2017 22:51:36,Mozilla/5.0 (X11; Ubuntu; Linux x86_64; rv:53.0) Gecko/20100101 Firefox/53.0,0.0,0.0,211,,DEV,560.8412698412699
4973,4974,Junior Software Engineer,Python,,0.5,0.5,500,0,Одесса,до 10 человек,Аутсорсинговая,мужской,20,Незаконченное высшее,ОНПУ,True,средний,Другое,18/06/2017 22:56:59,"Mozilla/5.0 (Windows NT 10.0; Win64; x64) AppleWebKit/537.36 (KHTML, like Gecko) Chrome/58.0.3029.110 Safari/537.36",0.5,0.5,500,,DEV,560.8412698412699
5036,5037,Technical Lead,Python,,10 и более лет,0.5,6200,1200,Львов,до 50 человек,Продуктовая,мужской,35,Высшее,ЛНУ им. Франко,False,выше среднего,"Телекоммуникации,Корпоративные системы",19/06/2017 17:14:25,Mozilla/5.0 (Windows NT 10.0; WOW64; rv:53.0) Gecko/20100101 Firefox/53.0,10.0,0.5,6200,,SDEV,3165.909090909091
5051,5052,Software Engineer,Python,,2,0.5,1800,300,Киев,до 200 человек,Аутсорсинговая,мужской,29,Высшее,КНУТД,False,продвинутый,Веб-разработка,19/06/2017 20:34:46,"Mozilla/5.0 (Windows NT 10.0; Win64; x64) AppleWebKit/537.36 (KHTML, like Gecko) Chrome/58.0.3029.110 Safari/537.36",2.0,0.5,1800,,DEV,1799.07
5097,5098,Software Engineer,Python,,4,3,1050,200,Кропивницкий,до 200 человек,Аутсорсинговая,мужской,26,Высшее,Другой вуз,False,элементарный,"Веб-разработка,eCommerce",20/06/2017 10:27:42,"Mozilla/5.0 (X11; Linux x86_64) AppleWebKit/537.36 (KHTML, like Gecko) Chrome/58.0.3029.110 Safari/537.36",4.0,3.0,1050,,DEV,1799.07
5173,5174,Junior Software Engineer,Python,,1,0.5,400,100,Львов,до 50 человек,Аутстаффинговая,мужской,24,Незаконченное высшее,Другой вуз,False,ниже среднего,Веб-разработка,20/06/2017 15:49:45,Mozilla/5.0 (X11; Ubuntu; Linux x86_64; rv:53.0) Gecko/20100101 Firefox/53.0,1.0,0.5,400,,DEV,560.8412698412699
5246,5247,Junior Software Engineer,Python,,1.5,1,550,50,Киев,до 10 человек,Стартап,мужской,25,Высшее,НАУ,False,выше среднего,"Веб-разработка,Другое",20/06/2017 16:27:40,"Mozilla/5.0 (Macintosh; Intel Mac OS X 10_12_5) AppleWebKit/537.36 (KHTML, like Gecko) Chrome/60.0.3112.32 Safari/537.36",1.5,1.0,550,,DEV,560.8412698412699
5257,5258,Junior Software Engineer,Python,,1.5,меньше 3 месяцев,800,400,Днепр,до 50 человек,Аутсорсинговая,мужской,23,Незаконченное высшее,Другой вуз,False,средний,Веб-разработка,20/06/2017 16:28:25,"Mozilla/5.0 (X11; Linux x86_64) AppleWebKit/537.36 (KHTML, like Gecko) Ubuntu Chromium/58.0.3029.110 Chrome/58.0.3029.110 Safari/537.36",1.5,0.0,800,,DEV,560.8412698412699
5315,5316,Software Engineer,Python,,0.25,меньше 3 месяцев,1500,300,Харьков,до 1000 человек,Аутстаффинговая,мужской,33,Высшее,НТУ «ХПИ»,False,средний,Веб-разработка,20/06/2017 16:31:42,Mozilla/5.0 (X11; Ubuntu; Linux x86_64; rv:54.0) Gecko/20100101 Firefox/54.0,0.25,0.0,1500,,DEV,1799.07
5316,5317,Technical Lead,Python,,10 и более лет,7,2700,0,Харьков,до 10 человек,Аутстаффинговая,мужской,31,Незаконченное высшее,ДонНТУ,False,выше среднего,Веб-разработка,20/06/2017 16:31:42,"Mozilla/5.0 (X11; Linux x86_64) AppleWebKit/537.36 (KHTML, like Gecko) Chrome/59.0.3071.86 Safari/537.36",10.0,7.0,2700,,SDEV,3165.909090909091
5398,5399,Software Engineer,Python,,10 и более лет,0.25,2000,1000,Ивано-Франковск,до 10 человек,Продуктовая,мужской,33,Незаконченное высшее,НаУКМА,False,продвинутый,"Веб-разработка,Финансы и банки",20/06/2017 16:39:01,Mozilla/5.0 (X11; Linux x86_64; rv:48.0) Gecko/20100101 Firefox/48.0,10.0,0.25,2000,,DEV,1799.07
5426,5427,Software Engineer,Python,,0.5,0.5,900,0,Винница,до 50 человек,Аутсорсинговая,мужской,18,Среднее,,False,выше среднего,"Веб-разработка,eCommerce",20/06/2017 16:42:51,"Mozilla/5.0 (Windows NT 10.0; Win64; x64) AppleWebKit/537.36 (KHTML, like Gecko) Chrome/58.0.3029.110 Safari/537.36",0.5,0.5,900,,DEV,1799.07
5478,5479,Software Engineer,Python,,3,0.25,2000,1000,Киев,до 1000 человек,Другая,мужской,28,Высшее,ХНУРЭ,False,выше среднего,"Веб-разработка,Другое",20/06/2017 16:51:44,Mozilla/5.0 (X11; Ubuntu; Linux x86_64; rv:53.0) Gecko/20100101 Firefox/53.0,3.0,0.25,2000,,DEV,1799.07
5498,5499,Software Engineer,Python,,3,0.25,2630,1130,Харьков,до 200 человек,Аутстаффинговая,мужской,23,Высшее,ХНУРЭ,False,выше среднего,"Веб-разработка,Другое",20/06/2017 16:54:57,Mozilla/5.0 (X11; Linux x86_64; rv:55.0) Gecko/20100101 Firefox/55.0,3.0,0.25,2630,,DEV,1799.07
5524,5525,Senior Software Engineer,Python,,7,1.5,3600,0,Львов,до 50 человек,Продуктовая,мужской,28,Высшее,ЛНУ им. Франко,False,выше среднего,"Финансы и банки,Корпоративные системы",20/06/2017 16:59:35,"Mozilla/5.0 (Windows NT 10.0; WOW64) AppleWebKit/537.36 (KHTML, like Gecko) Chrome/57.0.2987.137 YaBrowser/17.4.1.955 Yowser/2.5 Safari/537.36",7.0,1.5,3600,,DEV,3387.0967741935483
5529,5530,Junior Software Engineer,Python,,1,1,330,80,Запорожье,до 200 человек,Аутсорсинговая,мужской,22,Высшее,ЗНТУ,False,средний,Веб-разработка,20/06/2017 17:01:09,"Mozilla/5.0 (iPhone; CPU iPhone OS 10_3_1 like Mac OS X) AppleWebKit/603.1.30 (KHTML, like Gecko) Version/10.0 Mobile/14E304 Safari/602.1",1.0,1.0,330,,DEV,560.8412698412699
5533,5534,Software Engineer,Python,,меньше 3 месяцев,3,2400,1000,Львов,до 200 человек,Аутсорсинговая,мужской,25,Высшее,Львовская Политехника,False,выше среднего,"Веб-разработка,Корпоративные системы",20/06/2017 17:02:09,"Mozilla/5.0 (X11; Linux x86_64) AppleWebKit/537.36 (KHTML, like Gecko) Ubuntu Chromium/58.0.3029.110 Chrome/58.0.3029.110 Safari/537.36",0.0,3.0,2400,,DEV,1799.07
5643,5644,Senior Software Engineer,Python,,8,6,2300,200,Удаленно,до 10 человек,Продуктовая,мужской,28,Высшее,Другой вуз,False,средний,Веб-разработка,20/06/2017 17:34:05,"Mozilla/5.0 (Macintosh; Intel Mac OS X 10_12_5) AppleWebKit/603.2.4 (KHTML, like Gecko) Version/10.1.1 Safari/603.2.4",8.0,6.0,2300,,DEV,3387.0967741935483
5670,5671,Software Engineer,Python,,2,1.5,1200,400,Харьков,до 50 человек,Аутсорсинговая,мужской,26,Высшее,ХНУРЭ,False,средний,Веб-разработка,20/06/2017 17:44:56,"Mozilla/5.0 (X11; Linux x86_64) AppleWebKit/537.36 (KHTML, like Gecko) Chrome/61.0.3128.3 Safari/537.36",2.0,1.5,1200,,DEV,1799.07
5716,5717,Senior Software Engineer,Python,,4,4,1400,300,Киев,до 10 человек,Другая,мужской,30,Высшее,КНУ им. Шевченко,False,средний,"Веб-разработка,Мультимедиа",20/06/2017 18:15:44,"Mozilla/5.0 (X11; Linux x86_64) AppleWebKit/537.36 (KHTML, like Gecko) Chrome/57.0.2987.110 Safari/537.36",4.0,4.0,1400,,DEV,3387.0967741935483
5748,5749,System Architect,Python,,10 и более лет,0.25,3000,0,Киев,до 50 человек,Продуктовая,мужской,40,Высшее,СумГУ,False,выше среднего,"Веб-разработка,eCommerce",20/06/2017 18:40:40,Mozilla/5.0 (X11; Ubuntu; Linux x86_64; rv:53.0) Gecko/20100101 Firefox/53.0,10.0,0.25,3000,,SDEV,4000.0
5773,5774,Software Engineer,Python,,2,2,2000,600,Киев,до 200 человек,Продуктовая,мужской,30,Высшее,НТУУ «КПИ»,False,ниже среднего,Веб-разработка,20/06/2017 19:13:15,"Mozilla/5.0 (Macintosh; Intel Mac OS X 10_12_5) AppleWebKit/537.36 (KHTML, like Gecko) Chrome/58.0.3029.110 Safari/537.36",2.0,2.0,2000,,DEV,1799.07
5835,5836,Junior Software Engineer,Python,,меньше 3 месяцев,меньше 3 месяцев,400,0,Киев,до 10 человек,Стартап,мужской,26,Высшее,КНУ им. Шевченко,False,средний,Корпоративные системы,20/06/2017 20:33:24,Mozilla/5.0 (Windows NT 6.3; WOW64; rv:53.0) Gecko/20100101 Firefox/53.0,0.0,0.0,400,,DEV,560.8412698412699
6026,6027,Junior Software Engineer,Python,,1,0.25,700,700,Киев,до 50 человек,Аутсорсинговая,женский,22,Незаконченное высшее,НТУУ «КПИ»,True,выше среднего,Веб-разработка,21/06/2017 08:52:15,Mozilla/5.0 (X11; Ubuntu; Linux x86_64; rv:54.0) Gecko/20100101 Firefox/54.0,1.0,0.25,700,,DEV,560.8412698412699
6038,6039,Software Engineer,Python,,2,меньше 3 месяцев,2850,1000,Киев,свыше 1000 человек,Аутстаффинговая,мужской,25,Высшее,НТУУ «КПИ»,False,выше среднего,Веб-разработка,21/06/2017 09:10:37,"Mozilla/5.0 (Windows NT 10.0; Win64; x64) AppleWebKit/537.36 (KHTML, like Gecko) Chrome/58.0.3029.110 Safari/537.36",2.0,0.0,2850,,DEV,1799.07
6061,6062,Junior Software Engineer,Python,,меньше 3 месяцев,меньше 3 месяцев,300,0,Киев,до 50 человек,Аутсорсинговая,мужской,22,Незаконченное высшее,НТУУ «КПИ»,False,средний,Веб-разработка,21/06/2017 09:54:56,"Mozilla/5.0 (X11; Linux x86_64) AppleWebKit/537.36 (KHTML, like Gecko) Chrome/59.0.3071.104 Safari/537.36",0.0,0.0,300,,DEV,560.8412698412699
6090,6091,Software Engineer,Python,,3,1,1100,500,Харьков,до 50 человек,Аутстаффинговая,мужской,23,Высшее,ХАИ,False,выше среднего,Веб-разработка,21/06/2017 10:40:31,"Mozilla/5.0 (X11; Linux x86_64) AppleWebKit/537.36 (KHTML, like Gecko) Chrome/59.0.3071.104 Safari/537.36",3.0,1.0,1100,,DEV,1799.07
6142,6143,Software Engineer,Python,,2,0.5,2200,1000,Киев,до 50 человек,Аутстаффинговая,мужской,31,Высшее,КНУ им. Шевченко,False,выше среднего,"Веб-разработка,Другое",21/06/2017 12:15:54,"Mozilla/5.0 (Macintosh; Intel Mac OS X 10_12_5) AppleWebKit/537.36 (KHTML, like Gecko) Chrome/58.0.3029.110 Safari/537.36",2.0,0.5,2200,,DEV,1799.07
6166,6167,Software Engineer,Python,,0.25,0.25,700,0,Киев,до 50 человек,Другая,мужской,23,Высшее,НТУУ «КПИ»,True,средний,Веб-разработка,21/06/2017 12:53:11,"Mozilla/5.0 (iPad; CPU OS 10_3_2 like Mac OS X) AppleWebKit/603.2.4 (KHTML, like Gecko) Version/10.0 Mobile/14F89 Safari/602.1",0.25,0.25,700,,DEV,1799.07
6192,6193,Technical Lead,Python,,3,3,3700,0,Одесса,до 10 человек,Продуктовая,мужской,30,Высшее,НУК,False,выше среднего,Корпоративные системы,21/06/2017 13:55:30,Mozilla/5.0 (X11; Ubuntu; Linux x86_64; rv:54.0) Gecko/20100101 Firefox/54.0,3.0,3.0,3700,,SDEV,3165.909090909091
6198,6199,Software Engineer,Python,,10 и более лет,2,2950,300,Киев,до 10 человек,Аутстаффинговая,мужской,37,Два высших,СумГУ,False,выше среднего,"Веб-разработка,Другое",21/06/2017 14:12:20,"Mozilla/5.0 (Linux; Android 6.0.1; SM-J700H Build/MMB29K) AppleWebKit/537.36 (KHTML, like Gecko) Chrome/58.0.3029.83 Mobile Safari/537.36",10.0,2.0,2950,,DEV,1799.07
6252,6253,Junior Software Engineer,Python,,1,1,400,0,Днепр,до 50 человек,Аутстаффинговая,мужской,21,Высшее,Другой вуз,False,выше среднего,,21/06/2017 17:27:51,"Mozilla/5.0 (X11; Linux x86_64) AppleWebKit/537.36 (KHTML, like Gecko) Chrome/59.0.3071.104 Safari/537.36",1.0,1.0,400,,DEV,560.8412698412699
6283,6284,Senior Software Engineer,Python,,6,1,3100,600,Харьков,до 1000 человек,Аутстаффинговая,мужской,36,Два высших,ХНУРЭ,False,выше среднего,"Веб-разработка,eCommerce",21/06/2017 18:36:11,"Mozilla/5.0 (Macintosh; Intel Mac OS X 10_12_5) AppleWebKit/537.36 (KHTML, like Gecko) Chrome/59.0.3071.109 Safari/537.36",6.0,1.0,3100,,DEV,3387.0967741935483
6345,6346,Junior Software Engineer,Python,,1.5,1,1000,400,Киев,до 50 человек,Продуктовая,мужской,22,Незаконченное высшее,НАУ,True,средний,"Веб-разработка,Корпоративные системы",22/06/2017 01:14:44,"Mozilla/5.0 (Macintosh; Intel Mac OS X 10_11_6) AppleWebKit/603.2.5 (KHTML, like Gecko) Version/10.1.1 Safari/603.2.5",1.5,1.0,1000,,DEV,560.8412698412699
6497,6498,Senior Software Engineer,Python,,6,0.5,3300,300,Киев,до 10 человек,Стартап,мужской,30,Высшее,НТУУ «КПИ»,False,выше среднего,"Веб-разработка,eCommerce",23/06/2017 00:03:37,"Mozilla/5.0 (Macintosh; Intel Mac OS X 10_12_5) AppleWebKit/537.36 (KHTML, like Gecko) Chrome/58.0.3029.110 Safari/537.36",6.0,0.5,3300,,DEV,3387.0967741935483
6533,6534,Junior Software Engineer,Python,,1.5,0.5,400,200,Киев,до 50 человек,Другая,мужской,30,Высшее,НТУУ «КПИ»,False,ниже среднего,"Desktop Applications,Веб-разработка",23/06/2017 11:17:38,"Mozilla/5.0 (X11; Linux x86_64) AppleWebKit/537.36 (KHTML, like Gecko) Ubuntu Chromium/58.0.3029.110 Chrome/58.0.3029.110 Safari/537.36",1.5,0.5,400,,DEV,560.8412698412699
6549,6550,Senior Software Engineer,Python,,10 и более лет,0.25,2500,0,Киев,до 10 человек,Продуктовая,мужской,45,Высшее,Другой вуз,False,ниже среднего,Веб-разработка,23/06/2017 12:31:29,"Mozilla/5.0 (Macintosh; Intel Mac OS X 10_11_6) AppleWebKit/537.36 (KHTML, like Gecko) Chrome/58.0.3029.110 Safari/537.36",10.0,0.25,2500,,DEV,3387.0967741935483
6619,6620,Software Engineer,Python,,2,1.5,1950,850,Киев,до 10 человек,Продуктовая,мужской,23,Высшее,НТУУ «КПИ»,False,продвинутый,Веб-разработка,23/06/2017 22:30:19,"Mozilla/5.0 (Macintosh; Intel Mac OS X 10_12_2) AppleWebKit/537.36 (KHTML, like Gecko) Chrome/59.0.3071.86 Safari/537.36",2.0,1.5,1950,,DEV,1799.07
6714,6715,Senior Software Engineer,Python,,6,1,3300,800,Киев,до 10 человек,Стартап,мужской,26,Высшее,ГУТ,False,средний,Веб-разработка,25/06/2017 14:57:16,"Mozilla/5.0 (X11; Linux x86_64) AppleWebKit/537.36 (KHTML, like Gecko) Chrome/58.0.3029.96 Safari/537.36",6.0,1.0,3300,,DEV,3387.0967741935483
6729,6730,Senior Software Engineer,Python,,6,4,3000,150,Харьков,свыше 1000 человек,Аутсорсинговая,мужской,29,Высшее,ХНУРЭ,False,средний,"Веб-разработка,Корпоративные системы",25/06/2017 18:42:40,"Mozilla/5.0 (Macintosh; Intel Mac OS X 10_12_5) AppleWebKit/603.2.4 (KHTML, like Gecko) Version/10.1.1 Safari/603.2.4",6.0,4.0,3000,,DEV,3387.0967741935483
6750,6751,Software Engineer,Python,,1.5,1,1272,768,Другой,до 50 человек,Аутсорсинговая,мужской,20,Незаконченное высшее,Другой вуз,True,средний,Веб-разработка,26/06/2017 01:26:47,"Mozilla/5.0 (X11; Linux x86_64) AppleWebKit/537.36 (KHTML, like Gecko) Chrome/55.0.2883.87 Safari/537.36",1.5,1.0,1272,,DEV,1799.07
6789,6790,Senior Software Engineer,Python,,7,меньше 3 месяцев,5000,0,Киев,до 200 человек,Стартап,мужской,28,Высшее,НТУУ «КПИ»,False,продвинутый,"Веб-разработка,Системное программирование",26/06/2017 11:14:07,"Mozilla/5.0 (Macintosh; Intel Mac OS X 10_12_5) AppleWebKit/603.2.4 (KHTML, like Gecko) Version/10.1.1 Safari/603.2.4",7.0,0.0,5000,,DEV,3387.0967741935483
6865,6866,Software Engineer,Python,,3,меньше 3 месяцев,1600,400,Харьков,до 50 человек,Аутстаффинговая,мужской,23,Высшее,ХНУ им. Каразина,False,продвинутый,Другое,26/06/2017 11:41:55,Mozilla/5.0 (X11; Ubuntu; Linux x86_64; rv:47.0) Gecko/20100101 Firefox/47.0,3.0,0.0,1600,,DEV,1799.07
6910,6911,Technical Lead,Python,,10 и более лет,10 и более лет,2500,200,Херсон,до 50 человек,Продуктовая,мужской,30,Высшее,Другой вуз,False,ниже среднего,Веб-разработка,26/06/2017 12:16:50,Mozilla/5.0 (X11; Ubuntu; Linux x86_64; rv:54.0) Gecko/20100101 Firefox/54.0,10.0,10.0,2500,,SDEV,3165.909090909091
6948,6949,Software Engineer,Python,,1,0.5,1200,600,Киев,свыше 1000 человек,Аутсорсинговая,мужской,25,Высшее,НАУ,False,средний,"Embedded,Телекоммуникации",26/06/2017 13:27:29,"Mozilla/5.0 (X11; Linux x86_64) AppleWebKit/537.36 (KHTML, like Gecko) Chrome/59.0.3071.109 Safari/537.36",1.0,0.5,1200,,DEV,1799.07
7049,7050,Junior Software Engineer,Python,,1,1,900,300,Киев,до 50 человек,Стартап,мужской,23,Незаконченное высшее,НТУУ «КПИ»,True,средний,"Веб-разработка,eCommerce",26/06/2017 19:53:03,"Mozilla/5.0 (X11; Linux x86_64) AppleWebKit/537.36 (KHTML, like Gecko) Ubuntu Chromium/58.0.3029.110 Chrome/58.0.3029.110 Safari/537.36",1.0,1.0,900,,DEV,560.8412698412699
7050,7051,Software Engineer,Python,,4,1,1400,500,Львов,до 1000 человек,Аутстаффинговая,мужской,34,Незаконченное высшее,ХНУ им. Каразина,False,средний,Веб-разработка,26/06/2017 20:07:02,"Mozilla/5.0 (X11; Linux x86_64) AppleWebKit/537.36 (KHTML, like Gecko) Chrome/58.0.3029.81 Safari/537.36",4.0,1.0,1400,,DEV,1799.07
7084,7085,Software Engineer,Python,,2,меньше 3 месяцев,2000,1400,Киев,до 10 человек,Стартап,мужской,21,Высшее,НТУУ «КПИ»,True,средний,Веб-разработка,26/06/2017 23:36:13,"Mozilla/5.0 (Macintosh; Intel Mac OS X 10_12_3) AppleWebKit/537.36 (KHTML, like Gecko) Chrome/58.0.3029.110 Safari/537.36",2.0,0.0,2000,,DEV,1799.07
7098,7099,Senior Software Engineer,Python,,5,4,2600,100,Винница,до 200 человек,Аутсорсинговая,мужской,31,Высшее,ДонНТУ,False,средний,"Веб-разработка,eCommerce",27/06/2017 01:20:34,"Mozilla/5.0 (Macintosh; Intel Mac OS X 10_12_5) AppleWebKit/603.2.4 (KHTML, like Gecko) Version/10.1.1 Safari/603.2.4",5.0,4.0,2600,,DEV,3387.0967741935483
7140,7141,Junior Software Engineer,Python,,меньше 3 месяцев,меньше 3 месяцев,100,0,Харьков,до 50 человек,Аутсорсинговая,женский,20,Высшее,НТУ «ХПИ»,True,ниже среднего,"Веб-разработка,eCommerce",27/06/2017 12:07:48,"Mozilla/5.0 (Windows NT 6.1; Win64; x64) AppleWebKit/537.36 (KHTML, like Gecko) Chrome/58.0.3029.110 Safari/537.36",0.0,0.0,100,,DEV,560.8412698412699
7159,7160,Junior Software Engineer,Python,,1.5,меньше 3 месяцев,800,500,Киев,до 10 человек,Стартап,мужской,22,Незаконченное высшее,НТУУ «КПИ»,False,ниже среднего,"Веб-разработка,eCommerce",27/06/2017 13:51:34,"Mozilla/5.0 (Macintosh; Intel Mac OS X 10_12_5) AppleWebKit/537.36 (KHTML, like Gecko) Chrome/58.0.3029.110 Safari/537.36",1.5,0.0,800,,DEV,560.8412698412699
7208,7209,Software Engineer,Python,,2,2,950,345,Запорожье,до 200 человек,Аутсорсинговая,мужской,22,Незаконченное высшее,ЗНТУ,False,выше среднего,"Веб-разработка,Финансы и банки",27/06/2017 20:17:21,"Mozilla/5.0 (Windows NT 10.0; Win64; x64) AppleWebKit/537.36 (KHTML, like Gecko) Chrome/58.0.3029.110 Safari/537.36",2.0,2.0,950,,DEV,1799.07
7399,7400,Junior Software Engineer,Python,,1,1,1000,400,Киев,до 50 человек,Продуктовая,мужской,24,Незаконченное высшее,НТУУ «КПИ»,False,ниже среднего,"Веб-разработка,Другое",29/06/2017 16:33:56,"Mozilla/5.0 (Linux; Android 6.0.1; SM-J700H Build/MMB29K) AppleWebKit/537.36 (KHTML, like Gecko) Chrome/58.0.3029.83 Mobile Safari/537.36",1.0,1.0,1000,,DEV,560.8412698412699
7404,7405,Software Engineer,Python,,2,1,1100,400,Киев,свыше 1000 человек,Аутсорсинговая,мужской,26,Высшее,КНУСА,False,средний,"Веб-разработка,Корпоративные системы",29/06/2017 16:53:01,"Mozilla/5.0 (Macintosh; Intel Mac OS X 10_10_5) AppleWebKit/537.36 (KHTML, like Gecko) Chrome/58.0.3029.110 Safari/537.36",2.0,1.0,1100,,DEV,1799.07
7457,7458,Junior Software Engineer,Python,,меньше 3 месяцев,меньше 3 месяцев,250,50,Киев,до 10 человек,Стартап,мужской,23,Высшее,КНУ им. Шевченко,False,выше среднего,Корпоративные системы,30/06/2017 13:10:02,Mozilla/5.0 (X11; Ubuntu; Linux x86_64; rv:53.0) Gecko/20100101 Firefox/53.0,0.0,0.0,250,,DEV,560.8412698412699
7473,7474,Junior Software Engineer,Python,,0.5,0.5,400,100,Запорожье,до 50 человек,Аутсорсинговая,женский,21,Незаконченное высшее,ЗНТУ,True,выше среднего,Веб-разработка,30/06/2017 15:15:06,Mozilla/5.0 (X11; Ubuntu; Linux x86_64; rv:54.0) Gecko/20100101 Firefox/54.0,0.5,0.5,400,,DEV,560.8412698412699
7783,7784,Senior Software Engineer,Python,,5,меньше 3 месяцев,3200,700,Киев,до 200 человек,Аутстаффинговая,мужской,24,Незаконченное высшее,НТУУ «КПИ»,False,выше среднего,"Android,Веб-разработка",04/07/2017 14:36:07,"Mozilla/5.0 (Macintosh; Intel Mac OS X 10_11_6) AppleWebKit/537.36 (KHTML, like Gecko) Chrome/59.0.3071.115 Safari/537.36",5.0,0.0,3200,,DEV,3387.0967741935483
7881,7882,Software Engineer,Python,,2,1,750,0,Киев,свыше 1000 человек,Аутсорсинговая,мужской,21,Высшее,Другой вуз,False,ниже среднего,"Desktop Applications,Системное программирование",05/07/2017 11:57:52,"Mozilla/5.0 (X11; Linux x86_64) AppleWebKit/537.36 (KHTML, like Gecko) Chrome/59.0.3071.115 Safari/537.36",2.0,1.0,750,,DEV,1799.07
7981,7982,Software Engineer,Python,,5,5,2850,0,Киев,до 200 человек,Продуктовая,женский,29,Высшее,Другой вуз,False,выше среднего,Веб-разработка,06/07/2017 11:44:17,"Mozilla/5.0 (X11; Linux x86_64) AppleWebKit/537.36 (KHTML, like Gecko) Ubuntu Chromium/58.0.3029.110 Chrome/58.0.3029.110 Safari/537.36",5.0,5.0,2850,,DEV,1799.07
8073,8074,Senior Software Engineer,Python,,6,0.25,4300,1000,Киев,до 50 человек,Стартап,мужской,28,Высшее,ДонНТУ,False,средний,"Веб-разработка,Другое",06/07/2017 12:28:56,"Mozilla/5.0 (Macintosh; Intel Mac OS X 10_12_5) AppleWebKit/537.36 (KHTML, like Gecko) Chrome/59.0.3071.115 Safari/537.36",6.0,0.25,4300,,DEV,3387.0967741935483
8117,8118,Senior Software Engineer,Python,,10 и более лет,1.5,4500,0,Киев,до 10 человек,Продуктовая,мужской,30,Высшее,КНУ им. Шевченко,False,выше среднего,eCommerce,06/07/2017 13:36:29,"Mozilla/5.0 (Macintosh; Intel Mac OS X 10_11_6) AppleWebKit/537.36 (KHTML, like Gecko) Chrome/59.0.3071.115 Safari/537.36",10.0,1.5,4500,,DEV,3387.0967741935483
8120,8121,Senior Software Engineer,Python,,9,1,4000,0,Киев,до 1000 человек,Продуктовая,мужской,27,Высшее,ХНУРЭ,False,продвинутый,"Веб-разработка,Другое",06/07/2017 13:41:09,Mozilla/5.0 (Macintosh; Intel Mac OS X 10.12; rv:54.0) Gecko/20100101 Firefox/54.0,9.0,1.0,4000,,DEV,3387.0967741935483
8225,8226,Senior Software Engineer,Python,,10 и более лет,2,5000,500,Киев,свыше 1000 человек,Продуктовая,мужской,31,Высшее,НТУУ «КПИ»,False,выше среднего,Gamedev,06/07/2017 18:44:25,"Mozilla/5.0 (Windows NT 6.1; Win64; x64) AppleWebKit/537.36 (KHTML, like Gecko) Chrome/59.0.3071.115 Safari/537.36",10.0,2.0,5000,,DEV,3387.0967741935483
8228,8229,System Architect,Python,,10 и более лет,2,5000,0,Киев,до 10 человек,Продуктовая,мужской,31,Высшее,НТУУ «КПИ»,False,средний,"Веб-разработка,Другое",06/07/2017 19:15:05,"Mozilla/5.0 (Macintosh; Intel Mac OS X 10_12_4) AppleWebKit/603.1.30 (KHTML, like Gecko) Version/10.0.1 Safari/602.2.14",10.0,2.0,5000,,SDEV,4000.0
8381,8382,Technical Lead,Python,,7,1,3000,1000,Удаленно,до 10 человек,Стартап,мужской,24,Незаконченное высшее,ВНУ им. Даля,False,выше среднего,"Веб-разработка,Корпоративные системы",07/07/2017 19:51:15,"Mozilla/5.0 (Macintosh; Intel Mac OS X 10_12_5) AppleWebKit/537.36 (KHTML, like Gecko) Chrome/59.0.3071.115 Safari/537.36",7.0,1.0,3000,,SDEV,3165.909090909091
8398,8399,Software Engineer,Python,,1,1,800,500,Харьков,до 50 человек,Аутсорсинговая,мужской,33,Высшее,ХНУ им. Каразина,False,средний,Desktop Applications,07/07/2017 22:56:21,"Mozilla/5.0 (Windows NT 6.3; WOW64) AppleWebKit/537.36 (KHTML, like Gecko) Chrome/59.0.3071.115 Safari/537.36",1.0,1.0,800,,DEV,1799.07
8445,8446,Technical Lead,Python,,7,7,1900,150,Львов,до 200 человек,Продуктовая,мужской,29,Высшее,Львовская Политехника,False,выше среднего,"Веб-разработка,Корпоративные системы",08/07/2017 18:46:55,"Mozilla/5.0 (X11; Linux x86_64) AppleWebKit/537.36 (KHTML, like Gecko) Chrome/57.0.2987.133 Safari/537.36",7.0,7.0,1900,,SDEV,3165.909090909091
8502,8503,Junior Software Engineer,Python,,2,1,1250,800,Киев,свыше 1000 человек,Аутсорсинговая,мужской,21,Высшее,НТУУ «КПИ»,False,выше среднего,Веб-разработка,09/07/2017 20:48:08,"Mozilla/5.0 (X11; Linux x86_64) AppleWebKit/537.36 (KHTML, like Gecko) Chrome/54.0.2840.90 Safari/537.36",2.0,1.0,1250,,DEV,560.8412698412699
8523,8524,Junior Software Engineer,Python,,0.25,0.25,185,0,Киев,до 50 человек,Другая,женский,19,Незаконченное высшее,НАУ,True,средний,Веб-разработка,10/07/2017 10:26:33,"Mozilla/5.0 (Linux; Android 6.0.1; Redmi Note 4 Build/MMB29M) AppleWebKit/537.36 (KHTML, like Gecko) Chrome/59.0.3071.125 Mobile Safari/537.36",0.25,0.25,185,,DEV,560.8412698412699
8546,8547,Software Engineer,Python,,5,1,2000,800,Запорожье,до 50 человек,Аутсорсинговая,мужской,22,Незаконченное высшее,Другой вуз,False,средний,Веб-разработка,10/07/2017 14:11:26,"Mozilla/5.0 (Macintosh; Intel Mac OS X 10_12_5) AppleWebKit/603.2.4 (KHTML, like Gecko) Version/10.1.1 Safari/603.2.4",5.0,1.0,2000,,DEV,1799.07
8625,8626,Software Engineer,Python,,4,1,1750,0,Киев,свыше 1000 человек,Аутсорсинговая,мужской,28,Среднее,,False,средний,Веб-разработка,11/07/2017 16:15:40,Mozilla/5.0 (X11; Ubuntu; Linux x86_64; rv:54.0) Gecko/20100101 Firefox/54.0,4.0,1.0,1750,,DEV,1799.07
8635,8636,Senior Software Engineer,Python,,10 и более лет,меньше 3 месяцев,4000,1300,Удаленно,до 10 человек,Стартап,мужской,33,Высшее,ДонНТУ,False,выше среднего,Веб-разработка,11/07/2017 17:51:36,"Mozilla/5.0 (X11; Linux x86_64) AppleWebKit/537.36 (KHTML, like Gecko) Chrome/59.0.3071.86 Safari/537.36",10.0,0.0,4000,,DEV,3387.0967741935483
8673,8674,Junior Software Engineer,Python,,0.5,0.5,350,50,Киев,до 50 человек,Аутсорсинговая,мужской,22,Высшее,НТУУ «КПИ»,False,средний,Веб-разработка,12/07/2017 09:37:16,Mozilla/5.0 (X11; Ubuntu; Linux x86_64; rv:54.0) Gecko/20100101 Firefox/54.0,0.5,0.5,350,,DEV,560.8412698412699
8695,8696,Software Engineer,Python,,1,0.5,1500,1000,Киев,до 10 человек,Стартап,мужской,29,Высшее,ДонНТУ,False,средний,"Финансы и банки,eCommerce",12/07/2017 14:39:21,"Mozilla/5.0 (X11; Linux x86_64) AppleWebKit/537.36 (KHTML, like Gecko) Chrome/57.0.2987.133 Safari/537.36",1.0,0.5,1500,,DEV,1799.07
